Date,SST
2020-01-01,2814.1935483870966
2020-01-02,2814.7178944346765
2020-01-03,2815.242240482256
2020-01-04,2815.766586529836
2020-01-05,2816.290932577416
2020-01-06,2816.8152786249952
2020-01-07,2817.339624672575
2020-01-08,2817.863970720155
2020-01-09,2818.3883167677345
2020-01-10,2818.9126628153144
2020-01-11,2819.437008862894
2020-01-12,2819.961354910474
2020-01-13,2820.4857009580537
2020-01-14,2821.010047005633
2020-01-15,2821.534393053213
2020-01-16,2822.058739100793
2020-01-17,2822.5830851483724
2020-01-18,2823.1074311959524
2020-01-19,2823.6317772435323
2020-01-20,2824.156123291112
2020-01-21,2824.680469338692
2020-01-22,2825.2048153862715
2020-01-23,2825.729161433851
2020-01-24,2826.253507481431
2020-01-25,2826.7778535290104
2020-01-26,2827.3021995765903
2020-01-27,2827.82654562417
2020-01-28,2828.3508916717497
2020-01-29,2828.8752377193296
2020-01-30,2829.399583766909
2020-01-31,2829.923929814489
2020-02-01,2830.448275862069
2020-02-02,2832.520693490852
2020-02-03,2834.5931111196346
2020-02-04,2836.6655287484177
2020-02-05,2838.7379463772004
2020-02-06,2840.8103640059835
2020-02-07,2842.8827816347666
2020-02-08,2844.9551992635493
2020-02-09,2847.0276168923324
2020-02-10,2849.1000345211155
2020-02-11,2851.172452149898
2020-02-12,2853.2448697786813
2020-02-13,2855.317287407464
2020-02-14,2857.389705036247
2020-02-15,2859.46212266503
2020-02-16,2861.534540293813
2020-02-17,2863.606957922596
2020-02-18,2865.679375551379
2020-02-19,2867.7517931801617
2020-02-20,2869.824210808945
2020-02-21,2871.8966284377275
2020-02-22,2873.9690460665106
2020-02-23,2876.0414636952937
2020-02-24,2878.1138813240764
2020-02-25,2880.1862989528595
2020-02-26,2882.2587165816426
2020-02-27,2884.3311342104253
2020-02-28,2886.4035518392084
2020-02-29,2888.475969467991
2020-03-01,2890.548387096774
2020-03-02,2894.031772459244
2020-03-03,2897.5151578217133
2020-03-04,2900.9985431841837
2020-03-05,2904.481928546653
2020-03-06,2907.9653139091224
2020-03-07,2911.448699271592
2020-03-08,2914.932084634061
2020-03-09,2918.415469996532
2020-03-10,2921.898855359001
2020-03-11,2925.3822407214707
2020-03-12,2928.86562608394
2020-03-13,2932.34901144641
2020-03-14,2935.83239680888
2020-03-15,2939.3157821713494
2020-03-16,2942.799167533819
2020-03-17,2946.2825528962885
2020-03-18,2949.765938258758
2020-03-19,2953.249323621228
2020-03-20,2956.7327089836976
2020-03-21,2960.216094346167
2020-03-22,2963.6994797086368
2020-03-23,2967.1828650711063
2020-03-24,2970.666250433576
2020-03-25,2974.149635796046
2020-03-26,2977.6330211585155
2020-03-27,2981.116406520985
2020-03-28,2984.5997918834546
2020-03-29,2988.083177245924
2020-03-30,2991.566562608394
2020-03-31,2995.049947970864
2020-04-01,2998.5333333333333
2020-04-02,2999.286523297491
2020-04-03,3000.039713261649
2020-04-04,3000.792903225806
2020-04-05,3001.5460931899643
2020-04-06,3002.299283154122
2020-04-07,3003.0524731182795
2020-04-08,3003.805663082437
2020-04-09,3004.558853046595
2020-04-10,3005.312043010753
2020-04-11,3006.0652329749105
2020-04-12,3006.818422939068
2020-04-13,3007.5716129032257
2020-04-14,3008.324802867384
2020-04-15,3009.077992831541
2020-04-16,3009.8311827956986
2020-04-17,3010.5843727598567
2020-04-18,3011.3375627240143
2020-04-19,3012.090752688172
2020-04-20,3012.8439426523296
2020-04-21,3013.597132616487
2020-04-22,3014.3503225806453
2020-04-23,3015.103512544803
2020-04-24,3015.856702508961
2020-04-25,3016.609892473118
2020-04-26,3017.363082437276
2020-04-27,3018.116272401433
2020-04-28,3018.869462365591
2020-04-29,3019.622652329749
2020-04-30,3020.3758422939068
2020-05-01,3021.1290322580644
2020-05-02,3021.3850849809223
2020-05-03,3021.6411377037807
2020-05-04,3021.897190426638
2020-05-05,3022.153243149497
2020-05-06,3022.409295872355
2020-05-07,3022.6653485952133
2020-05-08,3022.9214013180717
2020-05-09,3023.1774540409297
2020-05-10,3023.433506763788
2020-05-11,3023.689559486646
2020-05-12,3023.945612209504
2020-05-13,3024.201664932362
2020-05-14,3024.45771765522
2020-05-15,3024.713770378078
2020-05-16,3024.9698231009365
2020-05-17,3025.2258758237945
2020-05-18,3025.481928546653
2020-05-19,3025.737981269511
2020-05-20,3025.994033992369
2020-05-21,3026.250086715227
2020-05-22,3026.506139438085
2020-05-23,3026.7621921609434
2020-05-24,3027.0182448838013
2020-05-25,3027.27429760666
2020-05-26,3027.5303503295177
2020-05-27,3027.786403052376
2020-05-28,3028.042455775234
2020-05-29,3028.2985084980924
2020-05-30,3028.5545612209503
2020-05-31,3028.8106139438087
2020-06-01,3029.0666666666666
2020-06-02,3027.273046594982
2020-06-03,3025.4794265232977
2020-06-04,3023.6858064516127
2020-06-05,3021.8921863799283
2020-06-06,3020.098566308244
2020-06-07,3018.3049462365598
2020-06-08,3016.5113261648744
2020-06-09,3014.71770609319
2020-06-10,3012.924086021505
2020-06-11,3011.130465949821
2020-06-12,3009.336845878136
2020-06-13,3007.543225806452
2020-06-14,3005.749605734767
2020-06-15,3003.955985663082
2020-06-16,3002.162365591398
2020-06-17,3000.368745519713
2020-06-18,2998.5751254480288
2020-06-19,2996.7815053763443
2020-06-20,2994.98788530466
2020-06-21,2993.194265232975
2020-06-22,2991.4006451612904
2020-06-23,2989.607025089606
2020-06-24,2987.813405017921
2020-06-25,2986.0197849462365
2020-06-26,2984.226164874552
2020-06-27,2982.432544802868
2020-06-28,2980.638924731183
2020-06-29,2978.845304659498
2020-06-30,2977.0516845878137
2020-07-01,2975.2580645161293
2020-07-02,2972.879292403746
2020-07-03,2970.5005202913635
2020-07-04,2968.1217481789804
2020-07-05,2965.7429760665973
2020-07-06,2963.364203954214
2020-07-07,2960.9854318418315
2020-07-08,2958.6066597294484
2020-07-09,2956.227887617066
2020-07-10,2953.8491155046827
2020-07-11,2951.4703433923
2020-07-12,2949.091571279917
2020-07-13,2946.712799167534
2020-07-14,2944.334027055151
2020-07-15,2941.955254942768
2020-07-16,2939.576482830385
2020-07-17,2937.1977107180023
2020-07-18,2934.818938605619
2020-07-19,2932.440166493236
2020-07-20,2930.061394380853
2020-07-21,2927.6826222684704
2020-07-22,2925.3038501560877
2020-07-23,2922.9250780437046
2020-07-24,2920.546305931321
2020-07-25,2918.167533818939
2020-07-26,2915.788761706556
2020-07-27,2913.4099895941727
2020-07-28,2911.03121748179
2020-07-29,2908.652445369407
2020-07-30,2906.273673257024
2020-07-31,2903.894901144641
2020-08-01,2901.516129032258
2020-08-02,2901.5650711064864
2020-08-03,2901.6140131807147
2020-08-04,2901.662955254943
2020-08-05,2901.711897329171
2020-08-06,2901.760839403399
2020-08-07,2901.8097814776274
2020-08-08,2901.858723551856
2020-08-09,2901.907665626084
2020-08-10,2901.9566077003124
2020-08-11,2902.00554977454
2020-08-12,2902.0544918487685
2020-08-13,2902.103433922997
2020-08-14,2902.152375997225
2020-08-15,2902.201318071453
2020-08-16,2902.2502601456818
2020-08-17,2902.2992022199096
2020-08-18,2902.348144294138
2020-08-19,2902.397086368366
2020-08-20,2902.4460284425945
2020-08-21,2902.494970516823
2020-08-22,2902.543912591051
2020-08-23,2902.592854665279
2020-08-24,2902.6417967395078
2020-08-25,2902.690738813736
2020-08-26,2902.739680887964
2020-08-27,2902.788622962192
2020-08-28,2902.8375650364205
2020-08-29,2902.8865071106484
2020-08-30,2902.9354491848767
2020-08-31,2902.984391259105
2020-09-01,2903.0333333333333
2020-09-02,2902.235448028674
2020-09-03,2901.4375627240142
2020-09-04,2900.639677419355
2020-09-05,2899.841792114695
2020-09-06,2899.043906810036
2020-09-07,2898.246021505376
2020-09-08,2897.448136200717
2020-09-09,2896.650250896057
2020-09-10,2895.8523655913978
2020-09-11,2895.0544802867385
2020-09-12,2894.2565949820787
2020-09-13,2893.4587096774194
2020-09-14,2892.66082437276
2020-09-15,2891.8629390681003
2020-09-16,2891.065053763441
2020-09-17,2890.2671684587813
2020-09-18,2889.469283154122
2020-09-19,2888.671397849462
2020-09-20,2887.873512544803
2020-09-21,2887.075627240143
2020-09-22,2886.277741935484
2020-09-23,2885.479856630824
2020-09-24,2884.681971326165
2020-09-25,2883.884086021505
2020-09-26,2883.0862007168457
2020-09-27,2882.2883154121864
2020-09-28,2881.4904301075267
2020-09-29,2880.692544802868
2020-09-30,2879.894659498208
2020-10-01,2879.0967741935483
2020-10-02,2880.55494276795
2020-10-03,2882.013111342352
2020-10-04,2883.471279916753
2020-10-05,2884.929448491155
2020-10-06,2886.3876170655567
2020-10-07,2887.845785639958
2020-10-08,2889.30395421436
2020-10-09,2890.7621227887616
2020-10-10,2892.220291363163
2020-10-11,2893.678459937565
2020-10-12,2895.1366285119666
2020-10-13,2896.5947970863685
2020-10-14,2898.05296566077
2020-10-15,2899.5111342351715
2020-10-16,2900.969302809573
2020-10-17,2902.427471383975
2020-10-18,2903.885639958377
2020-10-19,2905.3438085327784
2020-10-20,2906.80197710718
2020-10-21,2908.260145681582
2020-10-22,2909.7183142559834
2020-10-23,2911.1764828303853
2020-10-24,2912.634651404787
2020-10-25,2914.0928199791883
2020-10-26,2915.5509885535903
2020-10-27,2917.009157127992
2020-10-28,2918.4673257023933
2020-10-29,2919.9254942767952
2020-10-30,2921.3836628511967
2020-10-31,2922.8418314255987
2020-11-01,2924.3
2020-11-02,2919.7222222222226
2020-11-03,2915.1444444444446
2020-11-04,2910.5666666666666
2020-11-05,2905.988888888889
2020-11-06,2901.4111111111115
2020-11-07,2896.833333333333
2020-11-08,2892.2555555555555
2020-11-09,2887.677777777778
2020-11-10,2883.1000000000004
2020-11-11,2878.5222222222224
2020-11-12,2873.9444444444443
2020-11-13,2869.366666666667
2020-11-14,2864.788888888889
2020-11-15,2860.211111111111
2020-11-16,2855.633333333333
2020-11-17,2851.055555555556
2020-11-18,2846.477777777778
2020-11-19,2841.9
2020-11-20,2837.322222222222
2020-11-21,2832.7444444444445
2020-11-22,2828.166666666667
2020-11-23,2823.588888888889
2020-11-24,2819.011111111111
2020-11-25,2814.4333333333334
2020-11-26,2809.855555555556
2020-11-27,2805.277777777778
2020-11-28,2800.7
2020-11-29,2796.1222222222223
2020-11-30,2791.5444444444447
2020-12-01,2786.9666666666667
2020-12-02,2787.360041623309
2020-12-03,2787.753416579952
2020-12-04,2788.146791536594
2020-12-05,2788.540166493236
2020-12-06,2788.9335414498787
2020-12-07,2789.326916406521
2020-12-08,2789.720291363163
2020-12-09,2790.113666319806
2020-12-10,2790.507041276448
2020-12-11,2790.9004162330907
2020-12-12,2791.293791189733
2020-12-13,2791.687166146375
2020-12-14,2792.080541103018
2020-12-15,2792.47391605966
2020-12-16,2792.8672910163023
2020-12-17,2793.260665972945
2020-12-18,2793.654040929587
2020-12-19,2794.0474158862294
2020-12-20,2794.440790842872
2020-12-21,2794.8341657995143
2020-12-22,2795.2275407561565
2020-12-23,2795.620915712799
2020-12-24,2796.0142906694414
2020-12-25,2796.407665626084
2020-12-26,2796.8010405827263
2020-12-27,2797.1944155393685
2020-12-28,2797.587790496011
2020-12-29,2797.9811654526534
2020-12-30,2798.374540409296
2020-12-31,2798.7679153659383
2021-01-01,2799.1612903225805
2021-01-02,2798.3623086071057
2021-01-03,2797.563326891631
2021-01-04,2796.7643451761555
2021-01-05,2795.9653634606807
2021-01-06,2795.166381745206
2021-01-07,2794.367400029731
2021-01-08,2793.568418314256
2021-01-09,2792.769436598781
2021-01-10,2791.970454883306
2021-01-11,2791.171473167831
2021-01-12,2790.3724914523564
2021-01-13,2789.573509736881
2021-01-14,2788.7745280214062
2021-01-15,2787.9755463059314
2021-01-16,2787.176564590457
2021-01-17,2786.3775828749813
2021-01-18,2785.5786011595064
2021-01-19,2784.779619444032
2021-01-20,2783.9806377285568
2021-01-21,2783.181656013081
2021-01-22,2782.3826742976066
2021-01-23,2781.583692582132
2021-01-24,2780.784710866657
2021-01-25,2779.985729151182
2021-01-26,2779.186747435707
2021-01-27,2778.387765720232
2021-01-28,2777.588784004757
2021-01-29,2776.7898022892823
2021-01-30,2775.990820573807
2021-01-31,2775.191838858332
2021-02-01,2774.3928571428573
2021-02-02,2778.5136191573406
2021-02-03,2782.634381171824
2021-02-04,2786.755143186307
2021-02-05,2790.8759052007904
2021-02-06,2794.9966672152736
2021-02-07,2799.117429229757
2021-02-08,2803.23819124424
2021-02-09,2807.358953258723
2021-02-10,2811.4797152732062
2021-02-11,2815.600477287689
2021-02-12,2819.7212393021728
2021-02-13,2823.842001316656
2021-02-14,2827.9627633311397
2021-02-15,2832.0835253456225
2021-02-16,2836.204287360106
2021-02-17,2840.325049374589
2021-02-18,2844.4458113890723
2021-02-19,2848.566573403556
2021-02-20,2852.687335418039
2021-02-21,2856.808097432522
2021-02-22,2860.9288594470054
2021-02-23,2865.049621461488
2021-02-24,2869.1703834759714
2021-02-25,2873.2911454904547
2021-02-26,2877.411907504938
2021-02-27,2881.532669519421
2021-02-28,2885.6534315339045
2021-03-01,2889.774193548388
2021-03-02,2891.839542143601
2021-03-03,2893.904890738814
2021-03-04,2895.970239334028
2021-03-05,2898.035587929241
2021-03-06,2900.1009365244545
2021-03-07,2902.1662851196675
2021-03-08,2904.231633714881
2021-03-09,2906.2969823100943
2021-03-10,2908.3623309053078
2021-03-11,2910.4276795005208
2021-03-12,2912.493028095734
2021-03-13,2914.558376690948
2021-03-14,2916.6237252861606
2021-03-15,2918.689073881374
2021-03-16,2920.7544224765875
2021-03-17,2922.8197710718005
2021-03-18,2924.885119667014
2021-03-19,2926.950468262228
2021-03-20,2929.0158168574403
2021-03-21,2931.0811654526537
2021-03-22,2933.146514047867
2021-03-23,2935.2118626430806
2021-03-24,2937.2772112382936
2021-03-25,2939.342559833507
2021-03-26,2941.4079084287205
2021-03-27,2943.473257023933
2021-03-28,2945.538605619147
2021-03-29,2947.6039542143603
2021-03-30,2949.6693028095738
2021-03-31,2951.7346514047867
2021-04-01,2953.8
2021-04-02,2956.7797849462368
2021-04-03,2959.7595698924733
2021-04-04,2962.73935483871
2021-04-05,2965.7191397849465
2021-04-06,2968.698924731183
2021-04-07,2971.67870967742
2021-04-08,2974.658494623656
2021-04-09,2977.6382795698923
2021-04-10,2980.618064516129
2021-04-11,2983.597849462365
2021-04-12,2986.577634408602
2021-04-13,2989.5574193548387
2021-04-14,2992.5372043010752
2021-04-15,2995.516989247312
2021-04-16,2998.4967741935484
2021-04-17,3001.476559139785
2021-04-18,3004.456344086021
2021-04-19,3007.436129032258
2021-04-20,3010.4159139784947
2021-04-21,3013.3956989247317
2021-04-22,3016.375483870968
2021-04-23,3019.3552688172044
2021-04-24,3022.335053763441
2021-04-25,3025.314838709677
2021-04-26,3028.2946236559137
2021-04-27,3031.2744086021503
2021-04-28,3034.254193548387
2021-04-29,3037.2339784946234
2021-04-30,3040.21376344086
2021-05-01,3043.1935483870966
2021-05-02,3042.2281651057924
2021-05-03,3041.262781824488
2021-05-04,3040.297398543184
2021-05-05,3039.33201526188
2021-05-06,3038.366631980576
2021-05-07,3037.4012486992715
2021-05-08,3036.4358654179678
2021-05-09,3035.470482136663
2021-05-10,3034.505098855359
2021-05-11,3033.5397155740548
2021-05-12,3032.5743322927506
2021-05-13,3031.6089490114464
2021-05-14,3030.643565730142
2021-05-15,3029.678182448838
2021-05-16,3028.712799167534
2021-05-17,3027.7474158862296
2021-05-18,3026.782032604925
2021-05-19,3025.8166493236213
2021-05-20,3024.851266042317
2021-05-21,3023.885882761013
2021-05-22,3022.9204994797087
2021-05-23,3021.9551161984045
2021-05-24,3020.9897329171004
2021-05-25,3020.024349635796
2021-05-26,3019.058966354492
2021-05-27,3018.093583073188
2021-05-28,3017.128199791884
2021-05-29,3016.1628165105794
2021-05-30,3015.1974332292752
2021-05-31,3014.232049947971
2021-06-01,3013.266666666667
2021-06-02,3012.100788530466
2021-06-03,3010.934910394265
2021-06-04,3009.7690322580647
2021-06-05,3008.603154121864
2021-06-06,3007.4372759856637
2021-06-07,3006.2713978494626
2021-06-08,3005.105519713262
2021-06-09,3003.939641577061
2021-06-10,3002.7737634408604
2021-06-11,3001.60788530466
2021-06-12,3000.442007168459
2021-06-13,2999.2761290322583
2021-06-14,2998.1102508960576
2021-06-15,2996.944372759857
2021-06-16,2995.778494623656
2021-06-17,2994.6126164874554
2021-06-18,2993.4467383512547
2021-06-19,2992.280860215054
2021-06-20,2991.114982078853
2021-06-21,2989.9491039426525
2021-06-22,2988.783225806452
2021-06-23,2987.617347670251
2021-06-24,2986.4514695340504
2021-06-25,2985.2855913978497
2021-06-26,2984.119713261649
2021-06-27,2982.953835125448
2021-06-28,2981.7879569892475
2021-06-29,2980.622078853047
2021-06-30,2979.456200716846
2021-07-01,2978.2903225806454
2021-07-02,2976.188345473465
2021-07-03,2974.086368366285
2021-07-04,2971.984391259105
2021-07-05,2969.8824141519253
2021-07-06,2967.780437044745
2021-07-07,2965.678459937565
2021-07-08,2963.576482830385
2021-07-09,2961.4745057232053
2021-07-10,2959.372528616025
2021-07-11,2957.270551508845
2021-07-12,2955.168574401665
2021-07-13,2953.066597294485
2021-07-14,2950.964620187305
2021-07-15,2948.862643080125
2021-07-16,2946.760665972945
2021-07-17,2944.658688865765
2021-07-18,2942.5567117585847
2021-07-19,2940.4547346514046
2021-07-20,2938.352757544225
2021-07-21,2936.250780437045
2021-07-22,2934.1488033298647
2021-07-23,2932.046826222685
2021-07-24,2929.9448491155044
2021-07-25,2927.842872008325
2021-07-26,2925.7408949011447
2021-07-27,2923.6389177939645
2021-07-28,2921.5369406867844
2021-07-29,2919.4349635796043
2021-07-30,2917.3329864724246
2021-07-31,2915.2310093652445
2021-08-01,2913.1290322580644
2021-08-02,2911.275407561568
2021-08-03,2909.421782865071
2021-08-04,2907.5681581685744
2021-08-05,2905.7145334720776
2021-08-06,2903.860908775581
2021-08-07,2902.007284079084
2021-08-08,2900.153659382588
2021-08-09,2898.300034686091
2021-08-10,2896.446409989594
2021-08-11,2894.592785293097
2021-08-12,2892.7391605966004
2021-08-13,2890.885535900104
2021-08-14,2889.0319112036077
2021-08-15,2887.1782865071104
2021-08-16,2885.3246618106136
2021-08-17,2883.4710371141173
2021-08-18,2881.6174124176205
2021-08-19,2879.763787721124
2021-08-20,2877.910163024627
2021-08-21,2876.0565383281305
2021-08-22,2874.2029136316337
2021-08-23,2872.349288935137
2021-08-24,2870.49566423864
2021-08-25,2868.6420395421437
2021-08-26,2866.788414845647
2021-08-27,2864.93479014915
2021-08-28,2863.0811654526533
2021-08-29,2861.2275407561565
2021-08-30,2859.37391605966
2021-08-31,2857.520291363164
2021-09-01,2855.6666666666665
2021-09-02,2857.239068100358
2021-09-03,2858.81146953405
2021-09-04,2860.383870967742
2021-09-05,2861.9562724014336
2021-09-06,2863.5286738351256
2021-09-07,2865.101075268817
2021-09-08,2866.673476702509
2021-09-09,2868.2458781362006
2021-09-10,2869.818279569892
2021-09-11,2871.390681003584
2021-09-12,2872.963082437276
2021-09-13,2874.535483870968
2021-09-14,2876.1078853046592
2021-09-15,2877.6802867383512
2021-09-16,2879.2526881720432
2021-09-17,2880.825089605735
2021-09-18,2882.3974910394263
2021-09-19,2883.9698924731183
2021-09-20,2885.5422939068103
2021-09-21,2887.114695340502
2021-09-22,2888.6870967741934
2021-09-23,2890.2594982078854
2021-09-24,2891.8318996415774
2021-09-25,2893.404301075269
2021-09-26,2894.9767025089604
2021-09-27,2896.5491039426524
2021-09-28,2898.1215053763444
2021-09-29,2899.693906810036
2021-09-30,2901.2663082437275
2021-10-01,2902.8387096774195
2021-10-02,2902.6578910856747
2021-10-03,2902.47707249393
2021-10-04,2902.296253902185
2021-10-05,2902.1154353104407
2021-10-06,2901.934616718696
2021-10-07,2901.753798126951
2021-10-08,2901.5729795352063
2021-10-09,2901.392160943462
2021-10-10,2901.211342351717
2021-10-11,2901.0305237599723
2021-10-12,2900.8497051682275
2021-10-13,2900.6688865764827
2021-10-14,2900.4880679847383
2021-10-15,2900.307249392993
2021-10-16,2900.1264308012487
2021-10-17,2899.945612209504
2021-10-18,2899.764793617759
2021-10-19,2899.5839750260143
2021-10-20,2899.40315643427
2021-10-21,2899.222337842525
2021-10-22,2899.0415192507803
2021-10-23,2898.8607006590355
2021-10-24,2898.6798820672907
2021-10-25,2898.4990634755463
2021-10-26,2898.318244883801
2021-10-27,2898.1374262920567
2021-10-28,2897.956607700312
2021-10-29,2897.775789108567
2021-10-30,2897.5949705168227
2021-10-31,2897.414151925078
2021-11-01,2897.233333333333
2021-11-02,2895.28
2021-11-03,2893.3266666666664
2021-11-04,2891.373333333333
2021-11-05,2889.42
2021-11-06,2887.4666666666662
2021-11-07,2885.5133333333333
2021-11-08,2883.56
2021-11-09,2881.6066666666666
2021-11-10,2879.653333333333
2021-11-11,2877.7
2021-11-12,2875.7466666666664
2021-11-13,2873.793333333333
2021-11-14,2871.84
2021-11-15,2869.8866666666663
2021-11-16,2867.9333333333334
2021-11-17,2865.98
2021-11-18,2864.026666666666
2021-11-19,2862.0733333333333
2021-11-20,2860.12
2021-11-21,2858.1666666666665
2021-11-22,2856.213333333333
2021-11-23,2854.26
2021-11-24,2852.3066666666664
2021-11-25,2850.353333333333
2021-11-26,2848.4
2021-11-27,2846.4466666666667
2021-11-28,2844.4933333333333
2021-11-29,2842.54
2021-11-30,2840.5866666666666
2021-12-01,2838.633333333333
2021-12-02,2836.414151925078
2021-12-03,2834.1949705168227
2021-12-04,2831.975789108568
2021-12-05,2829.756607700312
2021-12-06,2827.537426292057
2021-12-07,2825.318244883801
2021-12-08,2823.0990634755462
2021-12-09,2820.879882067291
2021-12-10,2818.660700659036
2021-12-11,2816.4415192507804
2021-12-12,2814.222337842525
2021-12-13,2812.00315643427
2021-12-14,2809.7839750260146
2021-12-15,2807.5647936177597
2021-12-16,2805.345612209504
2021-12-17,2803.1264308012487
2021-12-18,2800.907249392993
2021-12-19,2798.688067984738
2021-12-20,2796.468886576483
2021-12-21,2794.249705168228
2021-12-22,2792.0305237599723
2021-12-23,2789.811342351717
2021-12-24,2787.5921609434617
2021-12-25,2785.3729795352065
2021-12-26,2783.153798126951
2021-12-27,2780.934616718696
2021-12-28,2778.7154353104406
2021-12-29,2776.4962539021853
2021-12-30,2774.27707249393
2021-12-31,2772.057891085675
2022-01-01,2769.8387096774195
2022-01-02,2771.749442544968
2022-01-03,2773.6601754125168
2022-01-04,2775.5709082800654
2022-01-05,2777.481641147614
2022-01-06,2779.3923740151627
2022-01-07,2781.303106882712
2022-01-08,2783.2138397502604
2022-01-09,2785.124572617809
2022-01-10,2787.0353054853576
2022-01-11,2788.9460383529063
2022-01-12,2790.856771220455
2022-01-13,2792.7675040880035
2022-01-14,2794.678236955552
2022-01-15,2796.588969823101
2022-01-16,2798.499702690649
2022-01-17,2800.4104355581985
2022-01-18,2802.321168425747
2022-01-19,2804.231901293296
2022-01-20,2806.1426341608444
2022-01-21,2808.053367028393
2022-01-22,2809.9640998959417
2022-01-23,2811.8748327634903
2022-01-24,2813.785565631039
2022-01-25,2815.696298498588
2022-01-26,2817.607031366136
2022-01-27,2819.5177642336853
2022-01-28,2821.428497101234
2022-01-29,2823.3392299687825
2022-01-30,2825.249962836331
2022-01-31,2827.16069570388
2022-02-01,2829.0714285714284
2022-02-02,2831.103439763002
2022-02-03,2833.1354509545754
2022-02-04,2835.167462146149
2022-02-05,2837.199473337722
2022-02-06,2839.231484529296
2022-02-07,2841.263495720869
2022-02-08,2843.2955069124423
2022-02-09,2845.327518104016
2022-02-10,2847.3595292955893
2022-02-11,2849.3915404871627
2022-02-12,2851.423551678736
2022-02-13,2853.455562870309
2022-02-14,2855.4875740618827
2022-02-15,2857.519585253456
2022-02-16,2859.5515964450296
2022-02-17,2861.583607636603
2022-02-18,2863.6156188281766
2022-02-19,2865.6476300197496
2022-02-20,2867.679641211323
2022-02-21,2869.711652402897
2022-02-22,2871.74366359447
2022-02-23,2873.7756747860435
2022-02-24,2875.807685977617
2022-02-25,2877.8396971691905
2022-02-26,2879.8717083607635
2022-02-27,2881.903719552337
2022-02-28,2883.9357307439104
2022-03-01,2885.967741935484
2022-03-02,2889.023621227888
2022-03-03,2892.0795005202917
2022-03-04,2895.135379812695
2022-03-05,2898.1912591050987
2022-03-06,2901.2471383975026
2022-03-07,2904.3030176899065
2022-03-08,2907.35889698231
2022-03-09,2910.414776274714
2022-03-10,2913.470655567118
2022-03-11,2916.526534859521
2022-03-12,2919.582414151925
2022-03-13,2922.6382934443286
2022-03-14,2925.6941727367325
2022-03-15,2928.7500520291364
2022-03-16,2931.80593132154
2022-03-17,2934.861810613944
2022-03-18,2937.9176899063477
2022-03-19,2940.973569198751
2022-03-20,2944.029448491155
2022-03-21,2947.0853277835586
2022-03-22,2950.1412070759625
2022-03-23,2953.1970863683664
2022-03-24,2956.25296566077
2022-03-25,2959.308844953174
2022-03-26,2962.364724245577
2022-03-27,2965.420603537981
2022-03-28,2968.476482830385
2022-03-29,2971.5323621227885
2022-03-30,2974.5882414151924
2022-03-31,2977.644120707596
2022-04-01,2980.7
2022-04-02,2980.7659139784946
2022-04-03,2980.831827956989
2022-04-04,2980.897741935484
2022-04-05,2980.9636559139785
2022-04-06,2981.029569892473
2022-04-07,2981.095483870968
2022-04-08,2981.161397849462
2022-04-09,2981.227311827957
2022-04-10,2981.293225806452
2022-04-11,2981.359139784946
2022-04-12,2981.4250537634407
2022-04-13,2981.4909677419355
2022-04-14,2981.55688172043
2022-04-15,2981.6227956989246
2022-04-16,2981.6887096774194
2022-04-17,2981.7546236559137
2022-04-18,2981.8205376344085
2022-04-19,2981.886451612903
2022-04-20,2981.9523655913977
2022-04-21,2982.0182795698925
2022-04-22,2982.084193548387
2022-04-23,2982.1501075268816
2022-04-24,2982.2160215053764
2022-04-25,2982.2819354838707
2022-04-26,2982.347849462365
2022-04-27,2982.41376344086
2022-04-28,2982.479677419354
2022-04-29,2982.5455913978494
2022-04-30,2982.611505376344
2022-05-01,2982.6774193548385
2022-05-02,2982.005029483177
2022-05-03,2981.332639611516
2022-05-04,2980.660249739854
2022-05-05,2979.987859868193
2022-05-06,2979.315469996531
2022-05-07,2978.64308012487
2022-05-08,2977.9706902532084
2022-05-09,2977.2983003815466
2022-05-10,2976.625910509885
2022-05-11,2975.953520638224
2022-05-12,2975.2811307665625
2022-05-13,2974.608740894901
2022-05-14,2973.9363510232392
2022-05-15,2973.263961151578
2022-05-16,2972.5915712799165
2022-05-17,2971.919181408255
2022-05-18,2971.2467915365937
2022-05-19,2970.5744016649323
2022-05-20,2969.9020117932705
2022-05-21,2969.229621921609
2022-05-22,2968.557232049948
2022-05-23,2967.8848421782864
2022-05-24,2967.212452306625
2022-05-25,2966.540062434963
2022-05-26,2965.8676725633018
2022-05-27,2965.1952826916404
2022-05-28,2964.522892819979
2022-05-29,2963.8505029483176
2022-05-30,2963.178113076656
2022-05-31,2962.5057232049944
2022-06-01,2961.833333333333
2022-06-02,2960.8808243727594
2022-06-03,2959.9283154121863
2022-06-04,2958.9758064516127
2022-06-05,2958.023297491039
2022-06-06,2957.070788530465
2022-06-07,2956.1182795698924
2022-06-08,2955.1657706093188
2022-06-09,2954.213261648745
2022-06-10,2953.260752688172
2022-06-11,2952.3082437275984
2022-06-12,2951.355734767025
2022-06-13,2950.403225806452
2022-06-14,2949.450716845878
2022-06-15,2948.4982078853045
2022-06-16,2947.545698924732
2022-06-17,2946.593189964158
2022-06-18,2945.640681003584
2022-06-19,2944.6881720430106
2022-06-20,2943.735663082437
2022-06-21,2942.783154121864
2022-06-22,2941.8306451612902
2022-06-23,2940.878136200717
2022-06-24,2939.9256272401435
2022-06-25,2938.97311827957
2022-06-26,2938.0206093189963
2022-06-27,2937.068100358423
2022-06-28,2936.1155913978496
2022-06-29,2935.163082437276
2022-06-30,2934.210573476703
2022-07-01,2933.2580645161293
2022-07-02,2930.271592091572
2022-07-03,2927.285119667013
2022-07-04,2924.298647242456
2022-07-05,2921.3121748178983
2022-07-06,2918.3257023933406
2022-07-07,2915.3392299687825
2022-07-08,2912.352757544225
2022-07-09,2909.3662851196677
2022-07-10,2906.379812695109
2022-07-11,2903.393340270552
2022-07-12,2900.406867845994
2022-07-13,2897.4203954214363
2022-07-14,2894.433922996878
2022-07-15,2891.4474505723206
2022-07-16,2888.460978147763
2022-07-17,2885.474505723205
2022-07-18,2882.488033298647
2022-07-19,2879.5015608740896
2022-07-20,2876.5150884495315
2022-07-21,2873.528616024974
2022-07-22,2870.542143600416
2022-07-23,2867.5556711758586
2022-07-24,2864.5691987513005
2022-07-25,2861.582726326743
2022-07-26,2858.5962539021853
2022-07-27,2855.609781477627
2022-07-28,2852.623309053069
2022-07-29,2849.636836628512
2022-07-30,2846.6503642039543
2022-07-31,2843.663891779396
2022-08-01,2840.6774193548385
2022-08-02,2841.360943461672
2022-08-03,2842.044467568505
2022-08-04,2842.727991675338
2022-08-05,2843.411515782171
2022-08-06,2844.0950398890045
2022-08-07,2844.778563995837
2022-08-08,2845.462088102671
2022-08-09,2846.145612209504
2022-08-10,2846.829136316337
2022-08-11,2847.51266042317
2022-08-12,2848.1961845300034
2022-08-13,2848.8797086368368
2022-08-14,2849.5632327436697
2022-08-15,2850.246756850503
2022-08-16,2850.930280957336
2022-08-17,2851.6138050641694
2022-08-18,2852.2973291710023
2022-08-19,2852.980853277836
2022-08-20,2853.664377384669
2022-08-21,2854.347901491502
2022-08-22,2855.0314255983358
2022-08-23,2855.714949705168
2022-08-24,2856.3984738120016
2022-08-25,2857.0819979188345
2022-08-26,2857.765522025668
2022-08-27,2858.449046132501
2022-08-28,2859.132570239334
2022-08-29,2859.816094346167
2022-08-30,2860.4996184530005
2022-08-31,2861.1831425598334
2022-09-01,2861.866666666667
2022-09-02,2864.105519713262
2022-09-03,2866.344372759857
2022-09-04,2868.5832258064515
2022-09-05,2870.8220788530466
2022-09-06,2873.0609318996417
2022-09-07,2875.2997849462367
2022-09-08,2877.538637992832
2022-09-09,2879.7774910394264
2022-09-10,2882.016344086021
2022-09-11,2884.255197132617
2022-09-12,2886.494050179212
2022-09-13,2888.7329032258067
2022-09-14,2890.9717562724013
2022-09-15,2893.2106093189964
2022-09-16,2895.4494623655914
2022-09-17,2897.6883154121865
2022-09-18,2899.9271684587816
2022-09-19,2902.166021505376
2022-09-20,2904.4048745519717
2022-09-21,2906.6437275985663
2022-09-22,2908.8825806451614
2022-09-23,2911.1214336917565
2022-09-24,2913.360286738351
2022-09-25,2915.599139784946
2022-09-26,2917.837992831541
2022-09-27,2920.0768458781363
2022-09-28,2922.315698924732
2022-09-29,2924.554551971326
2022-09-30,2926.793405017921
2022-10-01,2929.032258064516
2022-10-02,2925.975303503295
2022-10-03,2922.9183489420743
2022-10-04,2919.861394380853
2022-10-05,2916.8044398196325
2022-10-06,2913.7474852584114
2022-10-07,2910.6905306971903
2022-10-08,2907.6335761359696
2022-10-09,2904.5766215747485
2022-10-10,2901.5196670135274
2022-10-11,2898.4627124523067
2022-10-12,2895.4057578910856
2022-10-13,2892.348803329865
2022-10-14,2889.291848768644
2022-10-15,2886.2348942074227
2022-10-16,2883.177939646202
2022-10-17,2880.120985084981
2022-10-18,2877.0640305237603
2022-10-19,2874.007075962539
2022-10-20,2870.950121401318
2022-10-21,2867.8931668400974
2022-10-22,2864.836212278876
2022-10-23,2861.779257717655
2022-10-24,2858.7223031564345
2022-10-25,2855.6653485952133
2022-10-26,2852.6083940339927
2022-10-27,2849.551439472772
2022-10-28,2846.4944849115504
2022-10-29,2843.43753035033
2022-10-30,2840.3805757891087
2022-10-31,2837.323621227888
2022-11-01,2834.266666666667
2022-11-02,2830.69
2022-11-03,2827.1133333333337
2022-11-04,2823.536666666667
2022-11-05,2819.96
2022-11-06,2816.3833333333337
2022-11-07,2812.806666666667
2022-11-08,2809.23
2022-11-09,2805.6533333333336
2022-11-10,2802.076666666667
2022-11-11,2798.5
2022-11-12,2794.9233333333336
2022-11-13,2791.346666666667
2022-11-14,2787.77
2022-11-15,2784.1933333333336
2022-11-16,2780.616666666667
2022-11-17,2777.04
2022-11-18,2773.4633333333336
2022-11-19,2769.8866666666668
2022-11-20,2766.31
2022-11-21,2762.7333333333336
2022-11-22,2759.1566666666668
2022-11-23,2755.58
2022-11-24,2752.0033333333336
2022-11-25,2748.4266666666667
2022-11-26,2744.85
2022-11-27,2741.273333333333
2022-11-28,2737.6966666666667
2022-11-29,2734.12
2022-11-30,2730.543333333333
2022-12-01,2726.9666666666667
2022-12-02,2726.20395421436
2022-12-03,2725.4412417620533
2022-12-04,2724.678529309747
2022-12-05,2723.91581685744
2022-12-06,2723.153104405133
2022-12-07,2722.390391952827
2022-12-08,2721.62767950052
2022-12-09,2720.8649670482137
2022-12-10,2720.102254595907
2022-12-11,2719.3395421436003
2022-12-12,2718.576829691294
2022-12-13,2717.814117238987
2022-12-14,2717.0514047866805
2022-12-15,2716.288692334374
2022-12-16,2715.525979882067
2022-12-17,2714.7632674297606
2022-12-18,2714.0005549774537
2022-12-19,2713.2378425251472
2022-12-20,2712.475130072841
2022-12-21,2711.712417620534
2022-12-22,2710.9497051682274
2022-12-23,2710.1869927159205
2022-12-24,2709.424280263614
2022-12-25,2708.661567811308
2022-12-26,2707.8988553590007
2022-12-27,2707.136142906694
2022-12-28,2706.373430454388
2022-12-29,2705.610718002081
2022-12-30,2704.8480055497744
2022-12-31,2704.0852930974675
2023-01-01,2703.322580645161
2023-01-02,2705.0990411773446
2023-01-03,2706.8755017095286
2023-01-04,2708.651962241712
2023-01-05,2710.428422773896
2023-01-06,2712.20488330608
2023-01-07,2713.9813438382635
2023-01-08,2715.757804370447
2023-01-09,2717.534264902631
2023-01-10,2719.3107254348147
2023-01-11,2721.0871859669987
2023-01-12,2722.8636464991823
2023-01-13,2724.640107031366
2023-01-14,2726.41656756355
2023-01-15,2728.1930280957336
2023-01-16,2729.969488627917
2023-01-17,2731.745949160101
2023-01-18,2733.522409692285
2023-01-19,2735.2988702244684
2023-01-20,2737.0753307566524
2023-01-21,2738.851791288836
2023-01-22,2740.62825182102
2023-01-23,2742.404712353204
2023-01-24,2744.1811728853872
2023-01-25,2745.9576334175717
2023-01-26,2747.734093949755
2023-01-27,2749.5105544819385
2023-01-28,2751.2870150141225
2023-01-29,2753.063475546306
2023-01-30,2754.8399360784897
2023-01-31,2756.6163966106737
2023-02-01,2758.3928571428573
2023-02-02,2761.8258311389072
2023-02-03,2765.2588051349576
2023-02-04,2768.6917791310075
2023-02-05,2772.1247531270574
2023-02-06,2775.5577271231077
2023-02-07,2778.9907011191576
2023-02-08,2782.4236751152075
2023-02-09,2785.8566491112574
2023-02-10,2789.289623107308
2023-02-11,2792.7225971033577
2023-02-12,2796.155571099408
2023-02-13,2799.588545095457
2023-02-14,2803.021519091508
2023-02-15,2806.4544930875577
2023-02-16,2809.887467083608
2023-02-17,2813.320441079658
2023-02-18,2816.753415075708
2023-02-19,2820.1863890717577
2023-02-20,2823.619363067808
2023-02-21,2827.052337063858
2023-02-22,2830.485311059908
2023-02-23,2833.9182850559578
2023-02-24,2837.351259052008
2023-02-25,2840.784233048058
2023-02-26,2844.217207044108
2023-02-27,2847.650181040158
2023-02-28,2851.083155036208
2023-03-01,2854.516129032258
2023-03-02,2859.710232396809
2023-03-03,2864.90433576136
2023-03-04,2870.0984391259103
2023-03-05,2875.292542490461
2023-03-06,2880.4866458550123
2023-03-07,2885.680749219563
2023-03-08,2890.874852584114
2023-03-09,2896.068955948665
2023-03-10,2901.2630593132158
2023-03-11,2906.457162677766
2023-03-12,2911.651266042317
2023-03-13,2916.845369406868
2023-03-14,2922.039472771419
2023-03-15,2927.233576135969
2023-03-16,2932.4276795005203
2023-03-17,2937.621782865071
2023-03-18,2942.815886229622
2023-03-19,2948.009989594173
2023-03-20,2953.204092958724
2023-03-21,2958.3981963232745
2023-03-22,2963.5922996878253
2023-03-23,2968.786403052376
2023-03-24,2973.980506416927
2023-03-25,2979.1746097814776
2023-03-26,2984.3687131460283
2023-03-27,2989.562816510579
2023-03-28,2994.75691987513
2023-03-29,2999.951023239681
2023-03-30,3005.145126604232
2023-03-31,3010.3392299687825
2023-04-01,3015.5333333333333
2023-04-02,3014.959641577061
2023-04-03,3014.3859498207885
2023-04-04,3013.812258064516
2023-04-05,3013.238566308244
2023-04-06,3012.6648745519715
2023-04-07,3012.091182795699
2023-04-08,3011.517491039426
2023-04-09,3010.943799283154
2023-04-10,3010.370107526882
2023-04-11,3009.796415770609
2023-04-12,3009.222724014337
2023-04-13,3008.6490322580644
2023-04-14,3008.075340501792
2023-04-15,3007.50164874552
2023-04-16,3006.927956989247
2023-04-17,3006.3542652329747
2023-04-18,3005.7805734767026
2023-04-19,3005.20688172043
2023-04-20,3004.6331899641573
2023-04-21,3004.059498207885
2023-04-22,3003.485806451613
2023-04-23,3002.9121146953403
2023-04-24,3002.338422939068
2023-04-25,3001.7647311827955
2023-04-26,3001.1910394265237
2023-04-27,3000.61734767025
2023-04-28,3000.043655913978
2023-04-29,2999.469964157706
2023-04-30,2998.8962724014336
2023-05-01,2998.322580645161
2023-05-02,2997.792819979188
2023-05-03,2997.2630593132158
2023-05-04,2996.733298647242
2023-05-05,2996.203537981269
2023-05-06,2995.6737773152963
2023-05-07,2995.1440166493235
2023-05-08,2994.61425598335
2023-05-09,2994.0844953173773
2023-05-10,2993.5547346514045
2023-05-11,2993.024973985432
2023-05-12,2992.495213319459
2023-05-13,2991.965452653486
2023-05-14,2991.4356919875127
2023-05-15,2990.90593132154
2023-05-16,2990.376170655567
2023-05-17,2989.846409989594
2023-05-18,2989.3166493236213
2023-05-19,2988.7868886576484
2023-05-20,2988.257127991675
2023-05-21,2987.7273673257023
2023-05-22,2987.197606659729
2023-05-23,2986.6678459937566
2023-05-24,2986.138085327784
2023-05-25,2985.6083246618105
2023-05-26,2985.0785639958376
2023-05-27,2984.5488033298648
2023-05-28,2984.019042663892
2023-05-29,2983.489281997919
2023-05-30,2982.959521331946
2023-05-31,2982.429760665973
2023-06-01,2981.9
2023-06-02,2979.565698924732
2023-06-03,2977.2313978494626
2023-06-04,2974.897096774194
2023-06-05,2972.5627956989247
2023-06-06,2970.228494623656
2023-06-07,2967.894193548387
2023-06-08,2965.5598924731185
2023-06-09,2963.2255913978497
2023-06-10,2960.891290322581
2023-06-11,2958.556989247312
2023-06-12,2956.2226881720435
2023-06-13,2953.8883870967743
2023-06-14,2951.5540860215056
2023-06-15,2949.219784946237
2023-06-16,2946.885483870968
2023-06-17,2944.5511827957
2023-06-18,2942.2168817204306
2023-06-19,2939.882580645162
2023-06-20,2937.5482795698927
2023-06-21,2935.213978494624
2023-06-22,2932.879677419355
2023-06-23,2930.5453763440864
2023-06-24,2928.2110752688177
2023-06-25,2925.876774193549
2023-06-26,2923.54247311828
2023-06-27,2921.2081720430115
2023-06-28,2918.8738709677423
2023-06-29,2916.539569892473
2023-06-30,2914.205268817205
2023-07-01,2911.870967741936
2023-07-02,2909.57232049948
2023-07-03,2907.2736732570243
2023-07-04,2904.975026014569
2023-07-05,2902.676378772113
2023-07-06,2900.377731529657
2023-07-07,2898.079084287201
2023-07-08,2895.7804370447457
2023-07-09,2893.4817898022898
2023-07-10,2891.183142559834
2023-07-11,2888.884495317378
2023-07-12,2886.585848074922
2023-07-13,2884.2872008324666
2023-07-14,2881.9885535900107
2023-07-15,2879.689906347555
2023-07-16,2877.391259105099
2023-07-17,2875.0926118626435
2023-07-18,2872.793964620188
2023-07-19,2870.495317377732
2023-07-20,2868.196670135276
2023-07-21,2865.8980228928203
2023-07-22,2863.5993756503644
2023-07-23,2861.3007284079085
2023-07-24,2859.0020811654526
2023-07-25,2856.7034339229967
2023-07-26,2854.4047866805413
2023-07-27,2852.1061394380854
2023-07-28,2849.807492195629
2023-07-29,2847.5088449531736
2023-07-30,2845.210197710718
2023-07-31,2842.9115504682622
2023-08-01,2840.6129032258063
2023-08-02,2840.7587235518554
2023-08-03,2840.904543877905
2023-08-04,2841.050364203954
2023-08-05,2841.1961845300034
2023-08-06,2841.3420048560524
2023-08-07,2841.487825182102
2023-08-08,2841.633645508151
2023-08-09,2841.7794658342004
2023-08-10,2841.925286160249
2023-08-11,2842.071106486299
2023-08-12,2842.216926812348
2023-08-13,2842.362747138397
2023-08-14,2842.5085674644465
2023-08-15,2842.654387790496
2023-08-16,2842.800208116545
2023-08-17,2842.9460284425945
2023-08-18,2843.091848768644
2023-08-19,2843.237669094693
2023-08-20,2843.383489420742
2023-08-21,2843.529309746792
2023-08-22,2843.6751300728406
2023-08-23,2843.82095039889
2023-08-24,2843.966770724939
2023-08-25,2844.1125910509886
2023-08-26,2844.2584113770376
2023-08-27,2844.404231703087
2023-08-28,2844.550052029136
2023-08-29,2844.6958723551857
2023-08-30,2844.8416926812347
2023-08-31,2844.987513007284
2023-09-01,2845.133333333333
2023-09-02,2846.3181362007167
2023-09-03,2847.5029390681
2023-09-04,2848.687741935484
2023-09-05,2849.872544802867
2023-09-06,2851.0573476702507
2023-09-07,2852.242150537634
2023-09-08,2853.4269534050177
2023-09-09,2854.611756272401
2023-09-10,2855.7965591397847
2023-09-11,2856.981362007168
2023-09-12,2858.166164874552
2023-09-13,2859.350967741935
2023-09-14,2860.5357706093187
2023-09-15,2861.720573476702
2023-09-16,2862.905376344086
2023-09-17,2864.0901792114696
2023-09-18,2865.274982078853
2023-09-19,2866.4597849462366
2023-09-20,2867.64458781362
2023-09-21,2868.829390681004
2023-09-22,2870.014193548387
2023-09-23,2871.1989964157706
2023-09-24,2872.383799283154
2023-09-25,2873.5686021505376
2023-09-26,2874.753405017921
2023-09-27,2875.938207885305
2023-09-28,2877.123010752688
2023-09-29,2878.307813620072
2023-09-30,2879.492616487455
2023-10-01,2880.6774193548385
2023-10-02,2881.827610128338
2023-10-03,2882.9778009018382
2023-10-04,2884.127991675338
2023-10-05,2885.278182448838
2023-10-06,2886.428373222337
2023-10-07,2887.5785639958376
2023-10-08,2888.728754769337
2023-10-09,2889.8789455428373
2023-10-10,2891.029136316337
2023-10-11,2892.179327089837
2023-10-12,2893.3295178633366
2023-10-13,2894.479708636836
2023-10-14,2895.6298994103363
2023-10-15,2896.780090183836
2023-10-16,2897.930280957336
2023-10-17,2899.080471730836
2023-10-18,2900.230662504336
2023-10-19,2901.3808532778357
2023-10-20,2902.531044051336
2023-10-21,2903.681234824835
2023-10-22,2904.8314255983346
2023-10-23,2905.9816163718347
2023-10-24,2907.1318071453343
2023-10-25,2908.2819979188343
2023-10-26,2909.432188692334
2023-10-27,2910.582379465834
2023-10-28,2911.7325702393337
2023-10-29,2912.8827610128337
2023-10-30,2914.0329517863333
2023-10-31,2915.1831425598334
2023-11-01,2916.333333333333
2023-11-02,2913.821111111111
2023-11-03,2911.3088888888888
2023-11-04,2908.796666666666
2023-11-05,2906.284444444444
2023-11-06,2903.772222222222
2023-11-07,2901.26
2023-11-08,2898.7477777777776
2023-11-09,2896.2355555555555
2023-11-10,2893.7233333333334
2023-11-11,2891.2111111111108
2023-11-12,2888.6988888888886
2023-11-13,2886.1866666666665
2023-11-14,2883.6744444444444
2023-11-15,2881.162222222222
2023-11-16,2878.65
2023-11-17,2876.137777777777
2023-11-18,2873.625555555556
2023-11-19,2871.113333333333
2023-11-20,2868.601111111111
2023-11-21,2866.088888888889
2023-11-22,2863.576666666667
2023-11-23,2861.064444444444
2023-11-24,2858.552222222222
2023-11-25,2856.04
2023-11-26,2853.527777777778
2023-11-27,2851.015555555556
2023-11-28,2848.503333333333
2023-11-29,2845.991111111111
2023-11-30,2843.478888888889
2023-12-01,2840.9666666666667
2023-12-02,2839.822060353798
2023-12-03,2838.6774540409297
2023-12-04,2837.532847728061
2023-12-05,2836.3882414151926
2023-12-06,2835.243635102324
2023-12-07,2834.099028789456
2023-12-08,2832.954422476587
2023-12-09,2831.8098161637186
2023-12-10,2830.66520985085
2023-12-11,2829.520603537981
2023-12-12,2828.3759972251128
2023-12-13,2827.231390912244
2023-12-14,2826.086784599376
2023-12-15,2824.942178286507
2023-12-16,2823.7975719736387
2023-12-17,2822.65296566077
2023-12-18,2821.5083593479017
2023-12-19,2820.363753035033
2023-12-20,2819.2191467221646
2023-12-21,2818.074540409296
2023-12-22,2816.929934096427
2023-12-23,2815.785327783559
2023-12-24,2814.64072147069
2023-12-25,2813.496115157822
2023-12-26,2812.351508844953
2023-12-27,2811.2069025320848
2023-12-28,2810.062296219216
2023-12-29,2808.917689906348
2023-12-30,2807.773083593479
2023-12-31,2806.6284772806107
2024-01-01,2805.483870967742
2024-01-02,2807.337005274678
2024-01-03,2809.190139581614
2024-01-04,2811.04327388855
2024-01-05,2812.896408195486
2024-01-06,2814.749542502422
2024-01-07,2816.602676809358
2024-01-08,2818.455811116294
2024-01-09,2820.30894542323
2024-01-10,2822.162079730166
2024-01-11,2824.015214037102
2024-01-12,2825.868348344038
2024-01-13,2827.7214826509744
2024-01-14,2829.57461695791
2024-01-15,2831.4277512648464
2024-01-16,2833.280885571782
2024-01-17,2835.1340198787184
2024-01-18,2836.987154185654
2024-01-19,2838.8402884925904
2024-01-20,2840.693422799526
2024-01-21,2842.5465571064624
2024-01-22,2844.3996914133986
2024-01-23,2846.2528257203344
2024-01-24,2848.1059600272706
2024-01-25,2849.9590943342064
2024-01-26,2851.8122286411426
2024-01-27,2853.6653629480784
2024-01-28,2855.5184972550146
2024-01-29,2857.3716315619504
2024-01-30,2859.2247658688866
2024-01-31,2861.0779001758224
2024-02-01,2862.9310344827586
2024-02-02,2865.584135629627
2024-02-03,2868.237236776495
2024-02-04,2870.890337923363
2024-02-05,2873.543439070231
2024-02-06,2876.1965402170995
2024-02-07,2878.849641363968
2024-02-08,2881.502742510836
2024-02-09,2884.1558436577043
2024-02-10,2886.808944804572
2024-02-11,2889.4620459514404
2024-02-12,2892.1151470983086
2024-02-13,2894.768248245177
2024-02-14,2897.421349392045
2024-02-15,2900.0744505389134
2024-02-16,2902.727551685781
2024-02-17,2905.380652832649
2024-02-18,2908.0337539795178
2024-02-19,2910.686855126386
2024-02-20,2913.3399562732543
2024-02-21,2915.9930574201226
2024-02-22,2918.6461585669904
2024-02-23,2921.299259713858
2024-02-24,2923.952360860727
2024-02-25,2926.605462007595
2024-02-26,2929.2585631544634
2024-02-27,2931.9116643013317
2024-02-28,2934.5647654481995
2024-02-29,2937.217866595068
2024-03-01,2939.870967741936
2024-03-02,2943.2869580298307
2024-03-03,2946.7029483177253
2024-03-04,2950.11893860562
2024-03-05,2953.534928893514
2024-03-06,2956.9509191814086
2024-03-07,2960.366909469303
2024-03-08,2963.782899757198
2024-03-09,2967.1988900450924
2024-03-10,2970.614880332987
2024-03-11,2974.0308706208816
2024-03-12,2977.446860908776
2024-03-13,2980.8628511966704
2024-03-14,2984.278841484565
2024-03-15,2987.69483177246
2024-03-16,2991.110822060354
2024-03-17,2994.5268123482488
2024-03-18,2997.942802636144
2024-03-19,3001.358792924038
2024-03-20,3004.774783211933
2024-03-21,3008.1907734998267
2024-03-22,3011.6067637877213
2024-03-23,3015.022754075616
2024-03-24,3018.4387443635105
2024-03-25,3021.854734651405
2024-03-26,3025.2707249393
2024-03-27,3028.6867152271943
2024-03-28,3032.102705515089
2024-03-29,3035.518695802983
2024-03-30,3038.9346860908777
2024-03-31,3042.3506763787723
2024-04-01,3045.766666666667
2024-04-02,3045.0163799283155
2024-04-03,3044.2660931899645
2024-04-04,3043.515806451613
2024-04-05,3042.7655197132617
2024-04-06,3042.0152329749108
2024-04-07,3041.26494623656
2024-04-08,3040.514659498208
2024-04-09,3039.764372759857
2024-04-10,3039.0140860215056
2024-04-11,3038.263799283154
2024-04-12,3037.5135125448032
2024-04-13,3036.763225806452
2024-04-14,3036.0129390681004
2024-04-15,3035.262652329749
2024-04-16,3034.512365591398
2024-04-17,3033.7620788530467
2024-04-18,3033.011792114696
2024-04-19,3032.2615053763443
2024-04-20,3031.511218637993
2024-04-21,3030.760931899642
2024-04-22,3030.0106451612905
2024-04-23,3029.260358422939
2024-04-24,3028.510071684588
2024-04-25,3027.759784946237
2024-04-26,3027.0094982078854
2024-04-27,3026.2592114695344
2024-04-28,3025.508924731183
2024-04-29,3024.758637992832
2024-04-30,3024.0083512544807
2024-05-01,3023.2580645161293
2024-05-02,3022.7110301768994
2024-05-03,3022.163995837669
2024-05-04,3021.616961498439
2024-05-05,3021.0699271592093
2024-05-06,3020.5228928199795
2024-05-07,3019.9758584807496
2024-05-08,3019.4288241415197
2024-05-09,3018.8817898022894
2024-05-10,3018.3347554630595
2024-05-11,3017.7877211238297
2024-05-12,3017.2406867846
2024-05-13,3016.693652445369
2024-05-14,3016.14661810614
2024-05-15,3015.5995837669097
2024-05-16,3015.05254942768
2024-05-17,3014.5055150884496
2024-05-18,3013.95848074922
2024-05-19,3013.41144640999
2024-05-20,3012.86441207076
2024-05-21,3012.3173777315296
2024-05-22,3011.7703433923
2024-05-23,3011.22330905307
2024-05-24,3010.67627471384
2024-05-25,3010.12924037461
2024-05-26,3009.58220603538
2024-05-27,3009.03517169615
2024-05-28,3008.48813735692
2024-05-29,3007.9411030176902
2024-05-30,3007.39406867846
2024-05-31,3006.84703433923
2024-06-01,3006.3
2024-06-02,3005.02870967742
2024-06-03,3003.757419354839
2024-06-04,3002.4861290322583
2024-06-05,3001.2148387096777
2024-06-06,2999.943548387097
2024-06-07,2998.6722580645164
2024-06-08,2997.400967741936
2024-06-09,2996.1296774193547
2024-06-10,2994.858387096774
2024-06-11,2993.587096774193
2024-06-12,2992.315806451613
2024-06-13,2991.044516129032
2024-06-14,2989.773225806452
2024-06-15,2988.501935483871
2024-06-16,2987.2306451612903
2024-06-17,2985.9593548387097
2024-06-18,2984.688064516129
2024-06-19,2983.4167741935485
2024-06-20,2982.145483870968
2024-06-21,2980.874193548387
2024-06-22,2979.6029032258066
2024-06-23,2978.331612903226
2024-06-24,2977.060322580645
2024-06-25,2975.7890322580643
2024-06-26,2974.517741935484
2024-06-27,2973.246451612903
2024-06-28,2971.9751612903224
2024-06-29,2970.7038709677418
2024-06-30,2969.432580645161
2024-07-01,2968.1612903225805
2024-07-02,2967.0
2024-07-03,2965.838709677419
2024-07-04,2964.6774193548385
2024-07-05,2963.516129032258
2024-07-06,2962.354838709677
2024-07-07,2961.1935483870966
2024-07-08,2960.032258064516
2024-07-09,2958.870967741935
2024-07-10,2957.709677419354
2024-07-11,2956.548387096774
2024-07-12,2955.387096774193
2024-07-13,2954.2258064516127
2024-07-14,2953.064516129032
2024-07-15,2951.9032258064512
2024-07-16,2950.7419354838707
2024-07-17,2949.5806451612902
2024-07-18,2948.4193548387098
2024-07-19,2947.258064516129
2024-07-20,2946.0967741935483
2024-07-21,2944.935483870968
2024-07-22,2943.774193548387
2024-07-23,2942.6129032258063
2024-07-24,2941.451612903226
2024-07-25,2940.290322580645
2024-07-26,2939.1290322580644
2024-07-27,2937.967741935484
2024-07-28,2936.806451612903
2024-07-29,2935.6451612903224
2024-07-30,2934.483870967742
2024-07-31,2933.322580645161
2024-08-01,2932.1612903225805
2024-08-02,2932.461463753035
2024-08-03,2932.7616371834893
2024-08-04,2933.061810613944
2024-08-05,2933.361984044398
2024-08-06,2933.6621574748524
2024-08-07,2933.9623309053068
2024-08-08,2934.262504335761
2024-08-09,2934.5626777662155
2024-08-10,2934.86285119667
2024-08-11,2935.1630246271243
2024-08-12,2935.4631980575787
2024-08-13,2935.763371488033
2024-08-14,2936.0635449184874
2024-08-15,2936.363718348942
2024-08-16,2936.663891779396
2024-08-17,2936.964065209851
2024-08-18,2937.2642386403054
2024-08-19,2937.56441207076
2024-08-20,2937.864585501214
2024-08-21,2938.1647589316685
2024-08-22,2938.464932362123
2024-08-23,2938.7651057925773
2024-08-24,2939.065279223032
2024-08-25,2939.365452653486
2024-08-26,2939.6656260839404
2024-08-27,2939.965799514395
2024-08-28,2940.265972944849
2024-08-29,2940.566146375304
2024-08-30,2940.866319805758
2024-08-31,2941.1664932362123
2024-09-01,2941.4666666666667
2024-09-02,2940.971541218638
2024-09-03,2940.476415770609
2024-09-04,2939.9812903225807
2024-09-05,2939.486164874552
2024-09-06,2938.9910394265235
2024-09-07,2938.4959139784946
2024-09-08,2938.000788530466
2024-09-09,2937.5056630824374
2024-09-10,2937.0105376344086
2024-09-11,2936.51541218638
2024-09-12,2936.0202867383514
2024-09-13,2935.5251612903226
2024-09-14,2935.0300358422937
2024-09-15,2934.5349103942654
2024-09-16,2934.0397849462365
2024-09-17,2933.544659498208
2024-09-18,2933.04953405018
2024-09-19,2932.5544086021505
2024-09-20,2932.0592831541217
2024-09-21,2931.5641577060933
2024-09-22,2931.0690322580645
2024-09-23,2930.573906810036
2024-09-24,2930.0787813620072
2024-09-25,2929.5836559139784
2024-09-26,2929.0885304659496
2024-09-27,2928.593405017921
2024-09-28,2928.0982795698924
2024-09-29,2927.603154121864
2024-09-30,2927.108028673835
2024-10-01,2926.6129032258063
2024-10-02,2927.966250433576
2024-10-03,2929.319597641346
2024-10-04,2930.6729448491155
2024-10-05,2932.0262920568853
2024-10-06,2933.379639264655
2024-10-07,2934.7329864724243
2024-10-08,2936.086333680194
2024-10-09,2937.439680887964
2024-10-10,2938.793028095733
2024-10-11,2940.146375303503
2024-10-12,2941.499722511273
2024-10-13,2942.8530697190427
2024-10-14,2944.2064169268124
2024-10-15,2945.559764134582
2024-10-16,2946.913111342352
2024-10-17,2948.266458550121
2024-10-18,2949.619805757891
2024-10-19,2950.9731529656606
2024-10-20,2952.3265001734303
2024-10-21,2953.6798473812
2024-10-22,2955.0331945889698
2024-10-23,2956.3865417967395
2024-10-24,2957.739889004509
2024-10-25,2959.093236212279
2024-10-26,2960.4465834200487
2024-10-27,2961.799930627818
2024-10-28,2963.153277835588
2024-10-29,2964.5066250433574
2024-10-30,2965.859972251127
2024-10-31,2967.213319458897
2024-11-01,2968.5666666666666
2024-11-02,2963.7866666666664
2024-11-03,2959.0066666666667
2024-11-04,2954.2266666666665
2024-11-05,2949.4466666666667
2024-11-06,2944.6666666666665
2024-11-07,2939.8866666666668
2024-11-08,2935.1066666666666
2024-11-09,2930.3266666666664
2024-11-10,2925.5466666666666
2024-11-11,2920.7666666666664
2024-11-12,2915.9866666666667
2024-11-13,2911.2066666666665
2024-11-14,2906.4266666666667
2024-11-15,2901.6466666666665
2024-11-16,2896.866666666667
2024-11-17,2892.0866666666666
2024-11-18,2887.3066666666664
2024-11-19,2882.526666666666
2024-11-20,2877.7466666666664
2024-11-21,2872.9666666666667
2024-11-22,2868.1866666666665
2024-11-23,2863.4066666666668
2024-11-24,2858.6266666666666
2024-11-25,2853.8466666666664
2024-11-26,2849.0666666666666
2024-11-27,2844.2866666666664
2024-11-28,2839.5066666666667
2024-11-29,2834.7266666666665
2024-11-30,2829.9466666666667
2024-12-01,2825.1666666666665
2024-12-02,2822.322580645161
2024-12-03,2819.478494623656
2024-12-04,2816.6344086021504
2024-12-05,2813.790322580645
2024-12-06,2810.94623655914
2024-12-07,2808.1021505376343
2024-12-08,2805.258064516129
2024-12-09,2802.413978494624
2024-12-10,2799.569892473118
2024-12-11,2796.7258064516127
2024-12-12,2793.881720430108
2024-12-13,2791.037634408602
2024-12-14,2788.1935483870966
2024-12-15,2785.3494623655915
2024-12-16,2782.505376344086
2024-12-17,2779.6612903225805
2024-12-18,2776.817204301075
2024-12-19,2773.97311827957
2024-12-20,2771.1290322580644
2024-12-21,2768.284946236559
2024-12-22,2765.440860215054
2024-12-23,2762.5967741935483
2024-12-24,2759.752688172043
2024-12-25,2756.9086021505377
2024-12-26,2754.064516129032
2024-12-27,2751.2204301075267
2024-12-28,2748.3763440860216
2024-12-29,2745.532258064516
2024-12-30,2742.6881720430106
2024-12-31,2739.844086021505
